source,target
Member 1,Member 2
Member 1,Member 3
Member 1,Member 4
Member 1,Member 5
Member 1,Member 6
Member 1,Member 7
Member 1,Member 8
Member 1,Member 9
Member 1,Member 11
Member 1,Member 12
Member 1,Member 13
Member 1,Member 14
Member 1,Member 18
Member 1,Member 20
Member 1,Member 22
Member 1,Member 32
Member 2,Member 3
Member 2,Member 4
Member 2,Member 8
Member 2,Member 14
Member 2,Member 18
Member 2,Member 20
Member 2,Member 22
Member 2,Member 31
Member 3,Member 4
Member 3,Member 8
Member 3,Member 9
Member 3,Member 10
Member 3,Member 14
Member 3,Member 28
Member 3,Member 29
Member 3,Member 33
Member 4,Member 8
Member 4,Member 13
Member 4,Member 14
Member 5,Member 7
Member 5,Member 11
Member 6,Member 7
Member 6,Member 11
Member 6,Member 17
Member 7,Member 17
Member 9,Member 31
Member 9,Member 33
Member 9,Member 34
Member 10,Member 34
Member 14,Member 34
Member 15,Member 33
Member 15,Member 34
Member 16,Member 33
Member 16,Member 34
Member 19,Member 33
Member 19,Member 34
Member 20,Member 34
Member 21,Member 33
Member 21,Member 34
Member 23,Member 33
Member 23,Member 34
Member 24,Member 26
Member 24,Member 28
Member 24,Member 30
Member 24,Member 33
Member 24,Member 34
Member 25,Member 26
Member 25,Member 28
Member 25,Member 32
Member 26,Member 32
Member 27,Member 30
Member 27,Member 34
Member 28,Member 34
Member 29,Member 32
Member 29,Member 34
Member 30,Member 33
Member 30,Member 34
Member 31,Member 33
Member 31,Member 34
Member 32,Member 33
Member 32,Member 34
Member 33,Member 34
